1,Erminie Edel,Pune,71640.92
2,Boony Eakin,Chandigarh,54487.85
3,Dario Boorne,Gurugram,65332.14
4,Rudy Stiant,Lucknow,51016.73
5,Allan Paolicchi,Pune,38477.71
6,Charisse Painter,Chennai,47481.03
7,Shell Tyrrell,Bangalore,41837.65
8,Trueman Dunning,Noida,74127.26
9,Delila Bliben,Noida,67034.47
10,Caryn Drakard,Hyderabad,53717.76
11,Court Gilburt,Chandigarh,69284.41
12,Archibaldo Probbin,Chennai,58197.79
13,Ainslee Merritt,Lucknow,69254.33
14,Lezlie Stawell,Pune,54083.31
15,Corey Meadley,Noida,68944.68
16,Ryann Sigward,Mysore,56143.33
17,Pippy Leeman,Gurugram,35207.47
18,Jerrie Gabbatt,Lucknow,35872.17
19,Lilla Hamerton,Hyderabad,70645.07
20,Gayelord Haslewood,Chandigarh,69088.70
21,Lindy Bohden,Lucknow,37833.38
22,Karita McClifferty,Pune,54988.14
23,Blancha Novis,Gurugram,71748.87
24,Ara Tollow,Gurugram,62102.74
25,Bobbe Bovaird,Hyderabad,50109.06
26,Krystle Hanham,Gurugram,47727.09
27,Vallie Lewknor,Pune,67885.32
28,Darla Bangle,Pune,73051.55
29,Amargo Farrent,Pune,59615.00
30,Roma Doust,Lucknow,57626.22
31,Moses Tapper,Gurugram,38513.08
32,Consuelo Haney,Chennai,37030.05
33,Myrlene Brunelleschi,Chandigarh,35824.20
34,Fransisco Winstone,Noida,74173.78
35,Temple Skryne,Noida,44260.83
36,Pia Ashbe,Chandigarh,65647.21
37,Cyril Hapke,Noida,59789.27
38,Briant Chauvey,Hyderabad,46377.57
39,Beret Bortoli,Pune,49582.21
40,Vinny Grugerr,Mysore,64157.58
41,Jacquenetta Le Fevre,Lucknow,50950.80
42,Pansie Kundt,Chennai,60407.37
43,Iolande Treadaway,Mysore,44357.03
44,Reed Ohanessian,Noida,44722.61
45,Westbrooke Danilovitch,Chennai,55548.99
46,Indira Birmingham,Hyderabad,74527.69
47,Eustace Leakner,Hyderabad,57804.76
48,Sheilakathryn Laffling,Hyderabad,64390.85
49,Goldia Grice,Bangalore,57706.78
50,Fabe McOrkill,Lucknow,56885.71
51,Ganny McCrum,Lucknow,62349.19
52,Garrard Raoul,Pune,50543.99
53,Anatola Nicol,Hyderabad,47599.24
54,Danya Posselwhite,Chandigarh,51371.56
55,Analise Rubenfeld,Pune,71364.98
56,Hillel Monk,Pune,67955.73
57,Michal Junifer,Lucknow,55008.32
58,Berte Laffoley-Lane,Noida,74226.16
59,Anette Thorby,Gurugram,57879.36
60,Blanch Hansill,Chandigarh,43395.33
61,Maitilde Fedynski,Gurugram,44652.05
62,Niko Yegorovnin,Pune,69566.79
63,Davidson Ruslin,Pune,41479.70
64,Aharon Medendorp,Pune,53676.94
65,Constantino Mawman,Lucknow,61692.02
66,Brand Brideaux,Noida,62669.62
67,Millie Stanesby,Lucknow,64713.18
68,Stevy Tufts,Chennai,42217.27
69,Corrinne Nairy,Bangalore,37187.71
70,Sasha Dawney,Noida,41866.50
71,Darren Bridgeland,Bangalore,67626.61
72,Morris Doward,Gurugram,46464.36
73,Morgen Luff,Pune,47294.91
74,Durand Andreia,Mysore,56183.59
75,Shawn Konmann,Mysore,72576.81
76,Carey Kane,Mysore,53325.67
77,Kendrick Pymer,Bangalore,63855.98
78,Ingaberg Griffey,Hyderabad,44640.78
79,Kiele Alstead,Pune,37995.33
80,Daisie Loraine,Lucknow,63640.27
81,Angelica Klemz,Chennai,39660.01
82,Ira Tommaseo,Lucknow,36737.34
83,Kerby Caven,Pune,54310.27
84,Giustina Creenan,Mysore,43020.08
85,Nathalie Pitrasso,Pune,54642.04
86,Maurise Foskett,Chennai,49609.17
87,Kliment Huntar,Mysore,63127.53
88,Mavra Brittian,Noida,65982.48
89,Berti Phipson,Chennai,72472.88
90,Oswald Ambrogelli,Noida,38964.61
91,Nathanael MacPeice,Hyderabad,68066.21
92,Modestia Sulland,Mysore,66254.45
93,Mariya Bratchell,Pune,48032.07
94,Mirilla Duffy,Chandigarh,64982.81
95,Reginauld Goodsir,Lucknow,70820.39
96,Arluene Hains,Bangalore,60417.53
97,Byran Royle,Lucknow,52448.84
98,Lyn Hadlow,Hyderabad,70023.52
99,Rochester Reddick,Pune,66308.38
100,Lovell Allsworth,Chandigarh,52374.67
101,Amby Smelley,Pune,72058.27
102,Terrijo Ruffli,Pune,44381.49
103,Madison Besnardeau,Hyderabad,64094.34
104,Rickey Gaggen,Hyderabad,65933.39
105,Frederica Tabart,Mysore,69205.24
106,Erinn O' Quirk,Chandigarh,54359.88
107,Thea Bauman,Gurugram,39873.90
108,Florette Slora,Gurugram,45562.95
109,Bayard Romanin,Chennai,39110.47
110,Zena Terzza,Chennai,59539.60
111,Kala Durman,Chandigarh,62342.79
112,Vivianna Espada,Pune,64749.60
113,Lacey Crosseland,Lucknow,60453.24
114,Pooh Nunns,Chandigarh,53484.98
115,Shanna Oleshunin,Mysore,74881.75
116,Mic Thorndale,Bangalore,63180.95
117,Kayne Taw,Chennai,57639.12
118,Cordelie Stearndale,Bangalore,70328.64
119,Denys Bustin,Chandigarh,38891.06
120,Sandi Mawford,Hyderabad,55934.97
121,Ferdie Kidner,Gurugram,51906.83
122,Brinn Gilcrist,Chennai,50101.41
123,Jaimie Folder,Chandigarh,48579.65
124,Benyamin O' Mahony,Chennai,71733.07
125,Billi Ligerton,Bangalore,46155.95
126,Cyndi Tottman,Hyderabad,61438.17
127,Hyacinthe Bertomieu,Bangalore,69114.02
128,Genevra Butrimovich,Hyderabad,64854.78
129,Shannah Mooney,Gurugram,73457.90
130,Fons Arthur,Bangalore,39546.66
131,Alis Marguerite,Gurugram,61064.51
132,Anetta Cicchinelli,Lucknow,46294.49
133,Kizzie Hearley,Pune,35760.73
134,Cordelia Domnick,Bangalore,74462.06
135,Ebonee Greathead,Gurugram,63461.92
136,Dagmar Eaken,Gurugram,44630.83
137,Lissi Pauletti,Gurugram,55248.19
138,Kettie Capehorn,Chennai,68170.83
139,Karlotte Dougan,Noida,44770.82
140,Verna Pattini,Lucknow,51383.96
141,Edlin Weedall,Pune,62929.18
142,Sonni Dripps,Lucknow,57095.47
143,Nappy Mockford,Lucknow,58976.97
144,Kai Groveham,Pune,45372.30
145,Janaya Willas,Noida,56524.80
146,Dud Rosborough,Gurugram,69970.08
147,Parsifal Merry,Gurugram,61827.91
148,Joanne Peat,Gurugram,43996.79
149,Korry O'Fogerty,Chennai,65164.48
150,Addie Smither,Noida,72915.71
151,Engelbert Leatham,Chennai,43060.87
152,Annie Whyteman,Hyderabad,73436.52
153,Morganne Stokey,Hyderabad,44237.51
154,Iseabal Eyes,Mysore,68614.76
155,Eugenio Edgeson,Noida,56170.13
156,Hymie Dargue,Hyderabad,40053.97
157,Lelah Bulter,Pune,40984.48
158,Dagny Baudinot,Mysore,42750.97
159,Joelly Llewelly,Gurugram,42363.10
160,Arley Chadbourne,Noida,38906.91
161,Maxwell Haverson,Chennai,68472.48
162,Jamison Goodby,Chandigarh,62254.20
163,Beret Sebire,Chandigarh,54494.06
164,Hugh Dowman,Chennai,41705.24
165,Beltran Agget,Chennai,36951.50
166,Bram Parzis,Chennai,57440.88
167,Chrystel Diperaus,Mysore,51136.82
168,Curr Alen,Lucknow,53242.12
169,Yale Logie,Chennai,67014.20
170,Loree Waters,Hyderabad,57712.26
171,Willi Lissandrini,Mysore,55470.81
172,Norbert Treasure,Chennai,68400.02
173,Harold Hollyman,Chennai,69308.39
174,Frazer Kwietek,Mysore,73232.34
175,Darline Kuhnwald,Chandigarh,53881.69
176,Nadine Kennedy,Chennai,37250.12
177,Thorn Pestor,Gurugram,46242.02
178,Mavis Suermeier,Chandigarh,35357.80
179,Ernest Aiston,Noida,47713.07
180,Yvon Winley,Hyderabad,50817.94
181,Ado Keyworth,Gurugram,74544.72
182,Curtis Bellsham,Gurugram,43236.37
183,Jackie Joppich,Bangalore,46669.53
184,Rois Thornham,Bangalore,52792.46
185,Chere Gary,Bangalore,39795.15
186,Inesita Kelwaybamber,Hyderabad,56798.05
187,Giles De La Cote,Lucknow,64939.94
188,Bettina Stout,Mysore,62368.01
189,Welby Jickles,Mysore,35264.54
190,Michail Binnes,Chennai,37142.61
191,Alano Wallhead,Hyderabad,59831.57
192,Elonore Maultby,Mysore,61070.23
193,Drusi Scaife,Mysore,54182.92
194,Louella Preskett,Pune,62885.04
195,Win Haseley,Pune,65839.47
196,Nolly Hargess,Lucknow,48327.59
197,Nanni Kolyagin,Pune,46986.25
198,Yard Chelley,Lucknow,50826.40
199,Buddy Pendrick,Chandigarh,36410.81
200,Guenna Jacob,Noida,62451.15
201,Chiquia Darch,Gurugram,42426.48
202,Colas Tambling,Chennai,54440.54
203,Eb Atyeo,Noida,35557.52
204,Caron Benwell,Bangalore,61305.81
205,Stacee Davidwitz,Chennai,53477.76
206,Callida Truss,Chennai,61836.46
207,Carolee Styant,Pune,55504.29
208,Trixie Smooth,Lucknow,50626.07
209,Teodoor enzley,Chennai,40844.16
210,Towny Work,Bangalore,46506.04
211,Jory Godley,Noida,39576.12
212,Gonzalo Trunchion,Noida,59437.44
213,Janifer Bolino,Bangalore,68860.60
214,Konstanze Parrett,Chandigarh,43481.13
215,Rozamond Tremoulet,Pune,41407.95
216,Byram Siemandl,Lucknow,60472.13
217,Baron Gobbet,Chennai,51618.10
218,Winifield Killik,Gurugram,66831.76
219,Gilles Heaford,Pune,39628.15
220,Phyllys Pautard,Chennai,65994.84
221,Phedra Brandino,Pune,68344.11
222,Benoit Brandacci,Pune,74460.92
223,Jandy Martynka,Bangalore,36180.86
224,Alaric Boddis,Pune,68332.33
225,Nedda Cuell,Pune,57281.09
226,Devy Ottam,Mysore,41306.24
227,Janeen McDonough,Bangalore,69318.24
228,Ilyssa Lambard,Hyderabad,73135.03
229,Ira Goreway,Hyderabad,44094.36
230,Gae Mifflin,Bangalore,36035.23
231,Delano Lichtfoth,Mysore,66509.74
232,Griswold Lawrenceson,Mysore,60038.21
233,Adrian Bohan,Mysore,57673.42
234,Deloria Whatson,Mysore,72720.43
235,Kacey Bayns,Hyderabad,70463.62
236,Grissel Maunder,Chandigarh,68695.39
237,Octavius Edlyne,Bangalore,63052.64
238,Man Ughini,Noida,44586.35
239,Dov Ambler,Gurugram,43017.79
240,Timofei Banbrick,Noida,42105.84
241,Dottie Kynsey,Mysore,71095.35
242,Rozanne MacConnel,Noida,45661.25
243,Madge Harriott,Chennai,73786.17
244,Johannes Rojahn,Pune,69589.15
245,Fan Bransgrove,Mysore,72944.58
246,Saxon Hentzer,Gurugram,65771.27
247,Bone Spurden,Noida,44252.12
248,Rebekkah Bimrose,Noida,66318.39
249,Allyn Izatt,Mysore,68748.77
250,Reidar Jest,Mysore,56202.91
251,Hamid Ranklin,Gurugram,67520.90
252,Carlota Devenport,Hyderabad,62175.51
253,Amabelle Faiers,Gurugram,58008.80
254,Aline Baldin,Chandigarh,66119.30
255,Poppy Morison,Noida,41170.70
256,Cindra Alvey,Gurugram,72877.87
257,Dinnie Guilleton,Chandigarh,49626.09
258,Idell Pagelsen,Bangalore,48321.31
259,Beltran Gierth,Lucknow,44716.43
260,Carmelia Merrien,Mysore,63491.24
261,Rockey Lappine,Chennai,63351.17
262,Karalee O'Fogarty,Noida,64211.82
263,Johanna Coal,Lucknow,48912.27
264,Simon Groom,Noida,66047.35
265,Jeannette Courtese,Gurugram,70285.38
266,Lacey Clare,Gurugram,42902.08
267,Ferrell McGuirk,Noida,67944.16
268,Heida Kulis,Lucknow,57482.82
269,Dylan Langforth,Gurugram,72354.96
270,Bendite Gotobed,Pune,72780.20
271,Krysta Briztman,Bangalore,47061.32
272,Benjie Kynvin,Bangalore,36497.71
273,Arch Vasser,Gurugram,43344.44
274,Harlen Kruszelnicki,Chandigarh,69235.42
275,Tabb Shillan,Lucknow,35112.58
276,Gerry Eilert,Bangalore,52027.08
277,Terrell Pavluk,Hyderabad,43251.34
278,Hedvig Cliss,Noida,43255.91
279,Isabelle Roch,Lucknow,60280.55
280,Gare Blemings,Bangalore,64048.24
281,Corri Grain,Hyderabad,45840.42
282,Illa Mintoff,Chennai,55499.48
283,Brendon Kidwell,Mysore,59740.16
284,Michaella Spellard,Mysore,50250.12
285,Beckie Criple,Gurugram,71996.42
286,Tamara Waldocke,Noida,48718.44
287,Cornell Shambrooke,Chennai,52263.49
288,Katerina Fitzer,Pune,49311.25
289,Gardner Carneck,Pune,45105.36
290,Wesley Kestian,Lucknow,59176.87
291,Rachel Alvaro,Chennai,47509.91
292,Ricardo Rodgman,Mysore,42078.48
293,Em Tennock,Gurugram,44413.80
294,Car Whal,Pune,53467.30
295,Renate Goodreid,Noida,41316.85
296,Selle Knightly,Bangalore,58926.68
297,Ardra Radborn,Bangalore,62601.93
298,L;urette Winnister,Noida,43980.07
299,Waverly Core,Bangalore,68994.87
300,Lurette Halden,Chennai,65501.79
301,Candy Petyankin,Chennai,67998.83
302,Shelden MacDowall,Bangalore,69334.64
303,Clem McAvey,Noida,58433.13
304,Whitaker Grzegorecki,Gurugram,48339.06
305,Edd Dennitts,Chandigarh,55851.54
306,Otha Sher,Lucknow,55224.75
307,Amble Brabbins,Hyderabad,65532.73
308,Hilda Huskisson,Chandigarh,42753.16
309,Hendrick Valentine,Bangalore,47779.27
310,Gerard Hamley,Lucknow,64083.36
311,Octavia Jaquet,Hyderabad,35152.70
312,Sasha Ellingford,Chennai,52899.86
313,Zebedee Anger,Chennai,68271.89
314,Cathy Pesticcio,Bangalore,73273.79
315,Lorrie Dhenin,Lucknow,54445.69
316,Saleem Girogetti,Mysore,65486.09
317,Obidiah Trumble,Pune,60489.55
318,Jemimah Beardsworth,Noida,66058.80
319,Bondie Stuckes,Mysore,59086.19
320,Bendicty Furby,Pune,54893.10
321,Shelba Spinetti,Hyderabad,61698.70
322,Allistir Absalom,Bangalore,44301.28
323,Darrick Gaskin,Chandigarh,60666.84
324,Mavis Davana,Lucknow,73656.72
325,Dara Kroger,Bangalore,73983.66
326,Brinn Adamoli,Gurugram,71546.29
327,Lura Styche,Noida,64730.59
328,Peder Henniger,Chennai,52989.79
329,Jamal Averies,Chandigarh,35756.33
330,Odella Stigers,Chennai,61377.12
331,Starlene Doudny,Chennai,57682.80
332,Bee Renzullo,Noida,74932.22
333,Esmaria McCreadie,Noida,37021.21
334,Chrisse Ivakhin,Hyderabad,54792.59
335,Rhiamon Kirman,Hyderabad,65861.98
336,Rosabel McMychem,Chennai,66216.62
337,Carry Retallack,Bangalore,65535.75
338,Issi Jenno,Pune,38286.86
339,Harmon O'Hagerty,Mysore,64907.13
340,Clarice Freda,Hyderabad,51958.13
341,Arlen Van Oort,Gurugram,71886.34
342,Shina Burridge,Noida,55277.47
343,Hertha Ramshay,Pune,53994.76
344,Selle Sugge,Bangalore,43229.62
345,Kingsley Sturmey,Lucknow,41934.62
346,Twyla Liversidge,Chennai,37337.97
347,Karyn Muzzlewhite,Mysore,50459.97
348,Blondelle Andrieu,Bangalore,73209.00
349,Vonni Synke,Chennai,41058.35
350,Flo Richardes,Lucknow,60742.50
351,Antin Mycroft,Pune,38068.76
352,Darwin Yakebovich,Pune,57836.35
353,Lavina Egger,Bangalore,42870.50
354,Seamus Cattlemull,Lucknow,56320.09
355,Shirlene Lush,Pune,63704.80
356,Kevina Mullally,Pune,72116.51
357,Lora Larder,Hyderabad,52586.52
358,Laraine Paulisch,Mysore,54033.35
359,Ivette MacNab,Bangalore,67763.02
360,Devondra Goodbarne,Bangalore,44742.39
361,Delilah Labrom,Pune,49504.68
362,Devon Plevey,Lucknow,70996.51
363,Celestina Brotherwood,Chandigarh,50634.86
364,Udale Owen,Lucknow,74337.08
365,Carolin Labrenz,Bangalore,39843.49
366,Maressa Jenny,Lucknow,71740.08
367,Hayward Shillan,Pune,46184.80
368,Margaux Happs,Mysore,64475.11
369,Clo Liverock,Lucknow,36837.46
370,Killian Hought,Mysore,43663.99
371,Quintilla Northam,Gurugram,63148.12
372,Kiley Sandyfirth,Chennai,44083.72
373,Pieter Goldsbury,Gurugram,58368.46
374,Hillel Edmonds,Noida,43279.53
375,Camey McGarvie,Chandigarh,71384.84
376,Theodor Hebborn,Chandigarh,48206.09
377,Quinton Edsall,Noida,70584.23
378,Fons Ladel,Hyderabad,66174.29
379,Valerye Livingstone,Mysore,74666.13
380,Arne Kleen,Pune,39004.36
381,Sloane Reder,Mysore,65262.41
382,Frederico Docwra,Mysore,60827.38
383,Anny Ferries,Gurugram,41665.95
384,Jorge McTurley,Hyderabad,74117.84
385,Peyton Neathway,Chennai,55775.05
386,Dunn McHarry,Gurugram,42691.64
387,Aurel Wike,Mysore,62100.71
388,Claude Bromet,Lucknow,73162.07
389,Danica Draycott,Gurugram,41617.15
390,Leonie Shelmardine,Pune,37240.27
391,Gertrudis Rawlingson,Hyderabad,71924.79
392,Vito McAw,Mysore,49461.76
393,Freemon Blunsom,Chennai,41378.80
394,Byron Heinlein,Mysore,51507.10
395,Britte Rosenfeld,Chennai,64794.21
396,Alysa Mc Grath,Lucknow,52233.18
397,Kikelia Docket,Hyderabad,47751.08
398,Raoul Brunelleschi,Chandigarh,64707.77
399,Min Cicci,Pune,46788.38
400,Pippo McTrustey,Lucknow,60963.18
401,Gertrud De Carolis,Gurugram,40439.24
402,Torrie Gass,Chandigarh,35470.42
403,Rhett Harroway,Hyderabad,68603.31
404,Shalne Tomczynski,Gurugram,51998.82
405,Anallese Charle,Bangalore,73540.06
406,Bibi Rustedge,Gurugram,73195.76
407,Rod Phelps,Gurugram,60191.08
408,Christean Elldred,Noida,49681.66
409,Giff Scartifield,Chandigarh,49684.63
410,Hillary Andrez,Pune,46690.48
411,Delilah Barthelemy,Chennai,49649.76
412,Alysia Gossage,Chandigarh,38344.02
413,Dot Godber,Hyderabad,45160.24
414,Orson Stych,Pune,59979.01
415,Lorri Loton,Pune,59770.67
416,Lauree Chinn,Lucknow,37274.57
417,Yvor Kleinhausen,Bangalore,54722.65
418,Hendrik Tarbert,Pune,57853.05
419,Kris MacKilroe,Chandigarh,68153.93
420,Cheston Bubb,Chandigarh,69374.62
421,Dulcine Marquet,Gurugram,67362.14
422,Miriam Habron,Chennai,47923.59
423,Matthus Van Hault,Bangalore,40367.98
424,Kizzie Rielly,Chandigarh,44413.45
425,Terrye Hallaways,Bangalore,45984.17
426,Alonso Strickler,Chandigarh,64937.51
427,Enrika Rangell,Mysore,73951.87
428,Nissie Blacklawe,Gurugram,49875.84
429,Oliver Tellenbroker,Gurugram,61860.79
430,Lisetta Castelot,Gurugram,36636.64
431,Wolfgang Gallaher,Chandigarh,67751.66
432,Brigitte Danton,Mysore,40041.30
433,Tarra Kitchiner,Chennai,65757.10
434,Lester Tolussi,Bangalore,63833.67
435,Stewart Jovic,Gurugram,41387.41
436,Halsy Preble,Bangalore,39779.45
437,Claudianus Morrallee,Noida,44982.49
438,Steffen Bussen,Chandigarh,56900.11
439,Brandyn Newton,Chandigarh,46317.58
440,Law Comerford,Pune,38267.98
441,Tonie Robet,Pune,59106.10
442,Danya Gillison,Mysore,38786.91
443,Micky Chamberlin,Chandigarh,44967.03
444,Ryann Willcocks,Chennai,41889.37
445,Katalin Conigsby,Chandigarh,66249.63
446,Dell Bouch,Chandigarh,52050.58
447,Nicola Dockrill,Chennai,54095.35
448,Casie Foyster,Gurugram,35829.62
449,Konstantin McGibbon,Chandigarh,36963.82
450,Oralla Brydson,Pune,60936.38
451,Courtnay Southway,Mysore,46836.14
452,Natalina Wilprecht,Lucknow,42055.88
453,Wat Cathel,Noida,42694.09
454,Inger Balam,Gurugram,38982.25
455,Devlen Anfrey,Chennai,70935.23
456,Malinda Chillcot,Hyderabad,56057.37
457,Nealy Gather,Bangalore,37828.54
458,Nikola Garnall,Hyderabad,43759.02
459,Vernor Houlaghan,Pune,73343.77
460,Piotr Wildbore,Chandigarh,54932.09
461,Steward Swynfen,Mysore,62470.92
462,Micky Parsonson,Lucknow,72263.23
463,Sebastiano Martello,Hyderabad,49779.19
464,Hilde Cossam,Noida,46402.47
465,Dugald Donavan,Mysore,67170.24
466,Damon Bolliver,Lucknow,53329.51
467,Raddie Gall,Pune,46674.72
468,Carny Wearn,Gurugram,41596.46
469,Kylila Grzegorecki,Chandigarh,61877.28
470,Morris Evered,Mysore,66206.32
471,Delmor MacConnulty,Noida,41278.73
472,Sydney Vellden,Hyderabad,52771.41
473,Terri Haine,Lucknow,69263.67
474,Haley Zelner,Gurugram,48269.17
475,Broderic Dunford,Lucknow,52345.76
476,Georgie Perfili,Noida,38991.51
477,Sebastiano Curd,Lucknow,56641.76
478,Juline Bonds,Bangalore,48911.80
479,Clovis Denyukin,Chandigarh,53549.98
480,Jayson Barford,Pune,66670.60
481,Corine Lipprose,Gurugram,49889.63
482,Irvine Fattore,Lucknow,52963.34
483,Ethelred O' Gara,Hyderabad,68464.39
484,Neal Skelington,Pune,44269.74
485,Sam Hattersley,Chandigarh,55019.37
486,Justinian Boshers,Lucknow,45122.22
487,Eugen Corday,Noida,47812.43
488,Cookie Mangeney,Bangalore,36765.90
489,Calley Greim,Gurugram,71205.42
490,Noll Semkins,Hyderabad,43483.32
491,Romonda Squirrell,Chandigarh,40769.85
492,Marya Friskey,Bangalore,59486.95
493,Borden Surmon,Mysore,42913.22
494,Gare Barajaz,Chandigarh,66533.64
495,Perrine Marrill,Bangalore,65110.16
496,Nonah Tullett,Pune,62067.11
497,Joey Sharvell,Chandigarh,47720.07
498,Homere Farley,Pune,54155.04
499,Lynda Ivamy,Bangalore,72466.94
500,Karmen Corish,Gurugram,55541.41
